insert into Book.NhaCungCap values (N'NXBT', N'NXB Tr?', N'38437540', N'161B Lý Chính Th?ng, P.7, Q.3 , HCM'),
							(N'NXBCB', N'NXB ChiBooks', N'0919 996 829', N'77 ???ng s? 10 KDC Nam Long, P.Tân Thu?n ?ông, Q.7, HCM'),
							(N'NXBHNV', N'NXB H?i Nhà V?n', N'(024) 3942.8634', N'65 Nguy?n Du, Q. Hai Bà Tr?ng, Hà N?i'),
							(N'NXBVH', N'NXB V?n h?c', N'(043) 7161518', N'18 Nguy?n Tr??ng T?, P.Trúc B?ch, Q.Ba ?ình, Hà N?i'),
							(N'NXBLD', N'NXB Lao ??ng', N'04.38515380', N'175 Gi?ng Võ, Q. ??ng ?a, Hà N?i'),
							(N'NXBTG', N'NXB Th? gi?i', N'(848) 8220102', N'7 Nguy?n Th? Minh Khai, Q.1, HCM'),
							(N'NXBDT', N'NXB Dân trí', N'024 3736 6491', N'S? 2 (nhà 48) Gi?ng Võ, Q.??ng ?a, Hà N?i'),
							(N'NXBTHHCM', N'NXB T?ng h?p TP.HCM', N'(028) 38 256 713', N'62 Nguy?n Th? Minh Khai, P.?a Kao, Q.1, HCM'),
							(N'NXBKTHCM', N'NXB Kinh t? TP.HCM', N'(08) 38 575 466', N'279 Nguy?n Tri Ph??ng, P.5, Q.10, HCM'),
							(N'NXBDHQGHCM', N'NXB ??i h?c Qu?c gia TP.HCM', N'028 6681 7058', N'12 ?inh Tiên Hoàng, P.B?n Nghé, Q.1, HCM'),
							(N'NXBKD', N'NXB Kim ??ng', N'(028) 39 303 832', N'55 Quang Trung, Hà N?i, Vi?t Nam'),
							(N'NXBGDVN', N'NXB B? giáo d?c Vi?t Nam', N'', N''),
							(N'FHS', N'Nhà sách Fahasa', N'1900 636467', N''),
							(N'PN', N'Nhà sách Ph??ng Nam', N'1900 6656', N'');

insert into Book.GiamGia values (N'MTT10', '2019-07-15', '2019-08-15', N'Mùa t?u tr??ng gi?m giá 10% cho các b? SGK', 0.1),
								(N'MTT20', '2019-07-15', '2019-08-15', N'Mùa t?u tr??ng gi?m giá 20% cho các sách khác', 0.2),
								(N'DNM30', '2018-12-20', '2019-01-20', N'Gi?m giá 30 cho các ??u sách v?n h?c ?ón n?m m?i', 0.3);
insert into Book.ChiTietSach(Ten, TacGia, NgonNgu, NCC, KhuVuc, TheLoai, KeSach, GiaGoc) values
							(N'Harry Potter và hòn ?á phù th?y', N'J.K.Rowling', N'Ti?ng Vi?t', N'NXBT', N'V?n h?c n??c ngoài', N'Gi? t??ng - Kì ?o', 1, 100000),
							(N'Harry Potter và phòng ch?a bí m?t', N'J.K.Rowling', N'Ti?ng Vi?t', N'NXBT', N'V?n h?c n??c ngoài', N'Gi? t??ng - Kì ?o', 1, 110000),
						    (N'Harry Potter và tên tù ng?c Azkaban', N'J.K.Rowling', N'Ti?ng Vi?t', N'NXBT', N'V?n h?c n??c ngoài', N'Gi? t??ng - Kì ?o', 1, 130000),
						    (N'Harry Potter và chi?c c?c l?a', N'J.K.Rowling', N'Ti?ng Vi?t', N'NXBT', N'V?n h?c n??c ngoài', N'Gi? t??ng - Kì ?o', 1, 180000),
						    (N'Harry Potter và h?i Ph??ng hoàng', N'J.K.Rowling', N'Ti?ng Vi?t', N'NXBT', N'V?n h?c n??c ngoài', N'Gi? t??ng - Kì ?o', 1, 250000),
						    (N'Harry Potter và Hoàng t? lai', N'J.K.Rowling', N'Ti?ng Vi?t', N'NXBT', N'V?n h?c n??c ngoài', N'Gi? t??ng - Kì ?o', 1, 170000),
						    (N'Harry Potter và b?o b?i T? th?n', N'J.K.Rowling', N'Ti?ng Vi?t', N'NXBT', N'V?n h?c n??c ngoài', N'Gi? t??ng - Kì ?o', 1, 172000),
						    (N'S? im l?ng c?a bày c?u', N'Thomas Harris', N'Ti?ng Vi?t', N'NXBHNV', N'V?n h?c n??c ngoài', N'Ti?u thuy?t', 2, 100000),
						    (N'M?t bi?c', N'Nguy?n Nh?t Ánh', N'Ti?ng Vi?t', N'NXBT', N'V?n h?c Vi?t Nam', N'Ti?u thuy?t', 1, 90000),
						    (N'T?t ?èn', N'Ngô T?t T?', N'Ti?ng Vi?t', N'NXBVH', N'V?n h?c Vi?t Nam', N'Ti?u thuy?t', 1, 35000),
						    (N'Nhà gi? kim', N'Paulo Coelho', N'Ti?ng Vi?t', N'NXBVH', N'V?n h?c n??c ngoài', N'Ti?u thuy?t', 2, 60000),
						    (N'S? ??', N'V? Tr?ng Ph?ng', N'Ti?ng Vi?t', N'NXBVH', N'V?n h?c Vi?t Nam', N'Ti?u thuy?t', 1, 45000),
						    (N'Su?i Ngu?n', N'Ayn Rand', N'Ti?ng Vi?t', N'NXBT', N'V?n h?c n??c ngoài', N'Ti?u thuy?t', 2, 270000),
						    (N'???ng hai ng? - Ng??i th??ng thành l?', N'Anh Khang', N'Ti?ng Vi?t', N'NXBHNV', N'V?n h?c Vi?t Nam', N'Truy?n ng?n - T?n v?n', 2, 52000),
							(N'Chúa t? nh?ng chi?c nh?n - ?oàn h? nh?n', N'J.R.R Tolkien', N'Ti?ng Vi?t', N'NXBVH', N'V?n h?c n??c ngoài', N'Gi? t??ng - Kì ?o', 1, 105000),
							(N'Chúa t? nh?ng chi?c nh?n - Hai tòa tháp', N'J.R.R Tolkien', N'Ti?ng Vi?t', N'NXBVH', N'V?n h?c n??c ngoài', N'Gi? t??ng - Kì ?o', 1, 110000),
							(N'Chúa t? nh?ng chi?c nh?n - Nhà vua tr? v?', N'J.R.R Tolkien', N'Ti?ng Vi?t', N'NXBVH', N'V?n h?c n??c ngoài', N'Gi? t??ng - Kì ?o', 1, 117000),
							(N'Truy?n Ki?u', N'Nguy?n Du', N'Ti?ng Vi?t', N'NXBVH', N'V?n h?c Vi?t Nam', N'Th? - ca dao - t?c ng?', 2, 28000),
							(N'Th? Xuân Di?u', N'Xuân Di?u', N'Ti?ng Vi?t', N'NXBVH', N'V?n h?c Vi?t Nam', N'Th? - ca dao - t?c ng?', 2, 29000),
							(N'??i gia Gatsby', N'Francis Scott Key Fitzgerald', N'Ti?ng Vi?t', N'NXBHNV', N'V?n h?c n??c ngoài', N'Ti?u thuy?t', 2, 50000),
							(N'Hi?u ?ng chim m?i - T?p 2', N'Ecoblader', N'Ti?ng Vi?t', N'NXBKTHCM', N'Kinh t?', N'Marketing', 1, 65000),
							(N'Hi?u ?ng chim m?i - T?p 1', N'Ecoblader', N'Ti?ng Vi?t', N'NXBKTHCM', N'Kinh t?', N'Marketing', 1, 60000),
							(N'Tâm lí h?c ?ám ?ông', N'Gustave Le Bon', N'Ti?ng Vi?t', N'NXBTG', N'Kinh t?', N'Marketing', 1, 86000),
							(N'22 nguyên t?c c? b?n c?a Marketing th??ng hi?u', N'Võ V?n Quang', N'Ti?ng Vi?t', N'NXBTG', N'Kinh t?', N'Marketing', 1, 68000),
							(N'Marvel comics - Chuy?n ch?a k?', N'Sean Howe', N'Ti?ng Vi?t', N'NXBKTHCM', N'Kinh t?', N'Marketing', 1, 170000),
							(N'N?u tôi bi?t ???c khi còn 20', N'Tina Seelig', N'Ti?ng Vi?t', N'NXBT', N'Kinh t?', N'Kinh doanh', 1, 46000),
							(N'Cu?c chi?n Disney', N'James B.Stewart', N'Ti?ng Vi?t', N'NXBLD', N'Kinh t?', N'Kinh doanh', 1, 140000),
							(N'5 ?i?m ch?t trong teamwork', N'Patrick Lencioni', N'Ti?ng Vi?t', N'NXBKTHCM', N'Kinh t?', N'Qu?n tr? - lãnh ??o', 2, 86000),
							(N'Steve Jobs - nh?ng bí quy?t ??i m?i và sáng t?o', N'Carmine Gallo', N'Ti?ng Vi?t', N'NXBTG', N'Kinh t?', N'Qu?n tr? - lãnh ??o', 2, 140000),
							(N'13 nguyên t?c ngh? giàu làm giàu', N'Jack Canfield & DD.Watkins', N'Ti?ng Vi?t', N'NXBLD', N'Kinh t?', N'Làm giàu - Kh?i nghi?p', 2, 71000),
							(N'Kh?i nghi?p 4.0', N'Dorie Clark', N'Ti?ng Vi?t', N'NXBLD', N'Kinh t?', N'Làm giàu - Kh?i nghi?p', 2, 110000),
							(N'C? h?i kh?i nghi?p', N'Sean Wise, Brad Feld', N'Ti?ng Vi?t', N'NXBLD', N'Kinh t?', N'Làm giàu - Kh?i nghi?p', 2, 97000),
							(N'V? tr? trong v? h?t d?', N'Stephen Hawking', N'Ti?ng Vi?t', N'NXBT', N'Khám phá', N'V?t lý thiên v?n', 1, 89000),
							(N'Các th? gi?i song song', N'Michio Kaku', N'Ti?ng Vi?t', N'NXBTG', N'Khám phá', N'V?t lý thiên v?n', 1, 100000),
							(N'Nh?ng bí ?n trên th? gi?i ch?a ???c gi?i ?áp', N'Nguy?n V?n Huân', N'Ti?ng Vi?t', N'NXBDT', N'Khám phá', N'Khoa h?c', 1, 100000),
							(N'T? bào g?c - Khám phá cùng nhà khoa h?c', N'Paul Knoepfler', N'Ti?ng Vi?t', N'NXBDT', N'Khám phá', N'Khoa h?c', 1, 67000),
							(N'T?i ?u hóa trí thông minh', N'Jame Harrison, Mike Hobbs', N'Ti?ng Vi?t', N'NXBDT', N'Tâm lí - K? n?ng', N'Tâm lí h?c', 1, 80000),
							(N'Nguyên t?c 50 không s? hãi', N'50 cent, Robert Greene', N'Ti?ng Vi?t', N'NXBT', N'Tâm lí - K? n?ng', N'Tâm lí h?c', 1, 80000),
							(N'Ngh? thu?t tinh t? c?a vi?c ??ch quan tâm', N'Mark Manson', N'Ti?ng Vi?t', N'NXBVH', N'Tâm lí - K? n?ng', N'K? n?ng s?ng', 1, 76000),
							(N'Cân b?ng c?m xúc, c? lúc bão giông', N'Richard Nicholls', N'Ti?ng Vi?t', N'NXBTG', N'Tâm lí - K? n?ng', N'K? n?ng s?ng', 1, 78000),
							(N'??c nhân tâm', N'Dale Carnegie', N'Ti?ng Vi?t', N'NXBTHHCM', N'Tâm lí - K? n?ng', N'Rèn luy?n nhân cách', 1, 60000),
							(N'??ng bao gi? t? b? khác v?ng', N'Nick Vujicic', N'Ti?ng Vi?t', N'NXBTHHCM', N'Tâm lí - K? n?ng', N'Rèn luy?n nhân cách', 1, 67000),
							(N'Doremon truy?n ng?n - T?p 1', N'Fujiko F Fujio', N'Ti?ng Vi?t', N'NXBKD', N'Thi?u nhi', N'Truy?n tranh', 1, 17000),
							(N'Doremon truy?n ng?n - T?p 2', N'Fujiko F Fujio', N'Ti?ng Vi?t', N'NXBKD', N'Thi?u nhi', N'Truy?n tranh', 1, 17000),
							(N'Doremon truy?n ng?n - T?p 3', N'Fujiko F Fujio', N'Ti?ng Vi?t', N'NXBKD', N'Thi?u nhi', N'Truy?n tranh', 1, 17000),
							(N'Doremon truy?n ng?n - T?p 4', N'Fujiko F Fujio', N'Ti?ng Vi?t', N'NXBKD', N'Thi?u nhi', N'Truy?n tranh', 1, 17000),
							(N'Doremon truy?n ng?n - T?p 5', N'Fujiko F Fujio', N'Ti?ng Vi?t', N'NXBKD', N'Thi?u nhi', N'Truy?n tranh', 1, 17000),
							(N'Naruto - T?p 1', N'Masashi Kishimoto', N'Ti?ng Vi?t', N'NXBKD', N'Thi?u nhi', N'Truy?n tranh', 1, 21000),
							(N'Naruto - T?p 2', N'Masashi Kishimoto', N'Ti?ng Vi?t', N'NXBKD', N'Thi?u nhi', N'Truy?n tranh', 1, 21000),
							(N'Naruto - T?p 3', N'Masashi Kishimoto', N'Ti?ng Vi?t', N'NXBKD', N'Thi?u nhi', N'Truy?n tranh', 1, 21000),
							(N'Shin c?u bé bút chì - T?p 1', N'Yoshito Usui', N'Ti?ng Vi?t', N'NXBKD', N'Thi?u nhi', N'Truy?n tranh', 1, 15000),
							(N'Shin c?u bé bút chì - T?p 2', N'Yoshito Usui', N'Ti?ng Vi?t', N'NXBKD', N'Thi?u nhi', N'Truy?n tranh', 1, 15000),
							(N'Shin c?u bé bút chì - T?p 3', N'Yoshito Usui', N'Ti?ng Vi?t', N'NXBKD', N'Thi?u nhi', N'Truy?n tranh', 1, 15000),
							(N'Tô màu sáng t?o - Cú thông thái', N'Marjore Sarnat', N'Ti?ng Vi?t', N'NXBTG', N'Thi?u nhi', N'Tô màu', 1, 41000),
							(N'Tô màu sáng t?o - Ngh? thu?t m?i', N'Marjore Sarnat', N'Ti?ng Vi?t', N'NXBTG', N'Thi?u nhi', N'Tô màu', 1, 41000),
							(N'Luy?n ch? ??p - Quy?n 1', N'Thiên Ân', N'Ti?ng Vi?t', N'NXBDHQGHCM', N'Thi?u nhi', N'Luy?n ch?', 1, 7000),
							(N'Luy?n ch? ??p - Quy?n 2', N'Thiên Ân', N'Ti?ng Vi?t', N'NXBDHQGHCM', N'Thi?u nhi', N'Luy?n ch?', 1, 7000),
							(N'Luy?n ch? ??p - Quy?n 3', N'Thiên Ân', N'Ti?ng Vi?t', N'NXBDHQGHCM', N'Thi?u nhi', N'Luy?n ch?', 1, 7000),
							(N'Th? công l?p 1', N'Tri?u Th? Ch?i', N'Ti?ng Vi?t', N'NXBGDVN', N'Sách giáo khoa', N'C?p 1', 1, 17000),
							(N'Ti?ng Vi?t l?p 3 - T?p 1', N'B? Giáo d?c và ?ào t?o', N'Ti?ng Vi?t', N'NXBGDVN', N'Sách giáo khoa', N'C?p 1', 1, 13000),
							(N'Ti?ng Vi?t l?p 3 - T?p 2', N'B? Giáo d?c và ?ào t?o', N'Ti?ng Vi?t', N'NXBGDVN', N'Sách giáo khoa', N'C?p 1', 1, 13000),
							(N'B? Sách giáo khoa l?p 9', N'Nhi?u tác gi?', N'Ti?ng Vi?t', N'NXBGDVN', N'Sách giáo khoa', N'C?p 2', 1, 90000),
							(N'B? Sách bài t?p l?p 9', N'Nhi?u tác gi?', N'Ti?ng Vi?t', N'NXBGDVN', N'Sách giáo khoa', N'C?p 2', 1, 85000),
							(N'B? Sách giáo khoa l?p 12', N'Nhi?u tác gi?', N'Ti?ng Vi?t', N'NXBGDVN', N'Sách giáo khoa', N'C?p 3', 2, 90000),
							(N'B? Sách bài t?p l?p 12', N'Nhi?u tác gi?', N'Ti?ng Vi?t', N'NXBGDVN', N'Sách giáo khoa', N'C?p 2', 2, 83000),
							(N'Bài t?p ti?ng anh 11 (có ?áp án)', N'Mai lan H??ng, Nguy?n Thanh Loan', N'Ti?ng Vi?t', N'FHS', N'Sách giáo khoa', N'C?p 3', 2, 50000),
							(N'T? duy gi?i nhanh tr?c nghi?m - Hình h?c không gian', N'Tr?n Duy Thúc', N'Ti?ng Vi?t', N'FHS', N'Sách giáo khoa', N'Ôn thi ?H - C?', 2, 120000),
							(N'T? duy gi?i nhanh tr?c nghi?m - ??i s?', N'Tr?n Duy Thúc', N'Ti?ng Vi?t', N'FHS', N'Sách giáo khoa', N'Ôn thi ?H - C?', 2, 120000),
							(N'Percy Jackson and The Lightning Thief - Book 1', N'Rick Riordan', N'Ti?ng Anh', N'PN', N'V?n h?c n??c ngoài', N'Fantansy', 3, 150000),
							(N'Percy Jackson and The Sea of Monsters - Book 2', N'Rick Riordan', N'Ti?ng Anh', N'PN', N'V?n h?c n??c ngoài', N'Fantansy', 3, 145000),
							(N'Percy Jackson and The Titan''s Curse - Book 3', N'Rick Riordan', N'Ti?ng Anh', N'PN', N'V?n h?c n??c ngoài', N'Fantansy', 3, 151000),
							(N'Percy Jackson and The battle of the Labyrinth - Book 4', N'Rick Riordan', N'Ti?ng Anh', N'PN', N'V?n h?c n??c ngoài', N'Fantansy', 3, 147000),
							(N'Percy Jackson and The last Olympian - Book 5', N'Rick Riordan', N'Ti?ng Anh', N'PN', N'V?n h?c n??c ngoài', N'Fantansy', 3, 145000),
							(N'The little prince', N'Antoine de Saint Exupéry', N'Ti?ng Anh', N'FHS', N'V?n h?c n??c ngoài', N'Children', 3, 350000),
							(N'Work Happy: What great bosses know', N'Jill Geisler', N'Ti?ng Anh', N'FHS', N'V?n h?c n??c ngoài', N'Economy', 3, 335000),
							(N'The laws of human nature', N'Robert Greene', N'Ti?ng Anh', N'FHS', N'V?n h?c n??c ngoài', N'Discover', 3, 500000),
							(N'The fault in our stars', N'John Green', N'Ti?ng Anh', N'PN', N'V?n h?c n??c ngoài', N'Novel', 3, 155000),
							(N'Me before you', N'Jojo Moyes', N'Ti?ng Anh', N'FHS', N'V?n h?c n??c ngoài', N'Novel', 3, 245000);
insert into	Employee.NhanSu values(N'352497654', N'Nguy?n Th? Xuân Mai', N'0395647837', N'Nhân viên ki?m kho', N'484 Lê L?i qu?n 1'),
								  (N'352486237', N'Võ Nguy?n Minh Hi?n', N'0977256724', N'Nhân viên ki?m kho', N'235 Lê Qúy ?ôn qu?n 3'),
								  (N'352486426', N'Lâm Gia Khánh', N'0975629765', N'Nhân viên ki?m kho', N'123 Nguy?n Thi?n Thu?t qu?n 6'),
								  (N'352234623', N'Nguy?n Th? ?oàn', N'0977156724', N'Nhân viên ki?m kho', N'109A Hà Giang qu?n 4'),
								  (N'321486237', N'Tr?n Bình C?', N'0917256725', N'Nhân viên thu ngân', N'324 Âu C? qu?n Tân Bình'),
								  (N'321286237', N'?inh Ng?c Nhi', N'0362567244', N'Nhân viên thu ngân', N'484 Lê V?n Vi?t qu?n 9'),
								  (N'352486239', N'V? Th? H??ng Giang', N'0936256724', N'Nhân viên bán hàng', N'230 Võ Th? Sáu qu?n 1'),
								  (N'352496217', N'?i?n Th? Anh Th?', N'0966256730', N'Nhân viên bán hàng', N'115 ?inh Tiên Hoàn qu?n 1'),
								  (N'321486231', N'Nguy?n Thái Ph??ng Th?o', N'0394932087', N'Nhân viên bán hàng', N'484 Lê V?n Vi?t qu?n 9'),
								  (N'321589237', N'Nguy?n Lê Th?o Hi?n', N'0984276435', N'Nhân viên bán hàng', N'125 Hoàng Sa qu?n Bình Th?nh'),
								  (N'026022853', N'Tôn N? Nh? Qu?nh', N'01677256724', N'Qu?n lí', N'226 Lý Chính Th?ng qu?n 3');
insert into	Employee.DangNhap values(N'352497654', N'1234'),
									(N'352486237', N'1234'),
									(N'352486426', N'1234'),
									(N'352234623', N'1234'),
									(N'321486237', N'1234'),
									(N'321286237', N'1234'),
									(N'352486239', N'1234'),
									(N'352496217', N'1234'),
									(N'321486231', N'1234'),
									(N'321589237', N'1234'),
									(N'026022853', N'12061999');
insert into Sales.KhachHang values(N'0394952080', N'Nguy?n Th?o Thu?n', N'20' ),
								  (N'0394552182', N'Nguy?n Th? Minh Anh', N'10' ),
								  (N'0919495208', N'Tr?n Trang M? Ý', N'50' ),
								  (N'0284952087', N'Nguy?n Th? Ng?c Thi', N'60' ),
								  (N'0294952081', N'?oàn Tuy?t Nhi', N'25' ),
								  (N'0929495208', N'Tr?n Công Vinh', N'75' ),
								  (N'0894952007', N'L? Thành Nhân', N'15' ),
								  (N'0264952017', N'Nguy?n Th? H?ng Nhung', N'20' ),
								  (N'0169495223', N'Nguy?n Thành Chung', N'90' ),
								  (N'0124951087', N'Ngô Ti?n ??t', N'10' ),
								  (N'0394955029', N'L? Th? Trang', N'90' ),
								  (N'0384952087', N'Nguy?n Lê Duy Thông', N'100' ),
								  (N'0169495208', N'L??ng Minh Hoàng', N'20' ),
								  (N'0369495203', N'Nguy?n Gia T?', N'150' );
use Bookstore;
go
declare @SachID int, @GiaGoc money; 
declare ChiTietSach_Cursor CURSOR --Khai báo con tr? tr? ??n k?t qu? tr? v? c?a select
for 
	select MaSach, GiaGoc
	from Book.ChiTietSach
open ChiTietSach_Cursor; 
fetch next from ChiTietSach_Cursor into @SachID, @GiaGoc;
while @@FETCH_STATUS <> -1 --@@FETCH_STATUS = 0 thì d? li?u v?n còn ??c ???c, ch?a ??c t?i cu?i b?ng
	begin 
		insert into Sales.BanSach values (@SachID, @GiaGoc + 15000, 15, null, 0);
		fetch next from ChiTietSach_Cursor into @SachID, @GiaGoc;
	end;
close ChiTietSach_Cursor; --?óng con tr?
deallocate ChiTietSach_Cursor; --Gi?i phóng tài nguyên
go